[
  {
    "type": "Miscellaneous",
    "square": {
      "name": "Go"
    }
  },
  {
    "type": "Traditional",
    "square": {
      "name": "Mediterranean Avenue",
      "color": [
        150,
        75,
        0
      ],
      "purchase price": 60,
      "mortgage price": 30,
      "building cost": 50,
      "payment structure": {
        "0": 2,
        "1": 10,
        "2": 30,
        "3": 90,
        "4": 160,
        "5": 250
      }
    }
  },
  {
    "type": "Card",
    "square": {
      "name": "Community Chest",
      "order": 1
    }
  },
  {
    "type": "Traditional",
    "square": {
      "name": "Baltic Avenue",
      "color": [
        150,
        75,
        0
      ],
      "purchase price": 60,
      "mortgage price": 30,
      "building cost": 50,
      "payment structure": {
        "0": 4,
        "1": 20,
        "2": 60,
        "3": 180,
        "4": 320,
        "5": 450
      }
    }
  },
  {
    "type": "Miscellaneous",
    "square": {
      "name": "Income Tax"
    }
  },
  {
    "type": "Railroad",
    "square": {
      "name": "Reading Railroad",
      "purchase price": 200,
      "mortgage price": 100,
      "payment structure": {
        "1": 25,
        "2": 50,
        "3": 100,
        "4": 200
      }
    }
  },
  {
    "type": "Traditional",
    "square": {
      "name": "Oriental Avenue",
      "color": [
        0,
        255,
        255
      ],
      "purchase price": 100,
      "mortgage price": 50,
      "building cost": 50,
      "payment structure": {
        "0": 6,
        "1": 30,
        "2": 90,
        "3": 270,
        "4": 400,
        "5": 550
      }
    }
  },
  {
    "type": "Card",
    "square": {
      "name": "Chance",
      "order": 1
    }
  },
  {
    "type": "Traditional",
    "square": {
      "name": "Vermont Avenue",
      "color": [
        0,
        255,
        255
      ],
      "purchase price": 100,
      "mortgage price": 50,
      "building cost": 50,
      "payment structure": {
        "0": 6,
        "1": 30,
        "2": 90,
        "3": 270,
        "4": 400,
        "5": 550
      }
    }
  },
  {
    "type": "Traditional",
    "square": {
      "name": "Connecticut Avenue",
      "color": [
        0,
        255,
        255
      ],
      "purchase price": 120,
      "mortgage price": 60,
      "building cost": 50,
      "payment structure": {
        "0": 8,
        "1": 40,
        "2": 100,
        "3": 300,
        "4": 450,
        "5": 600
      }
    }
  },
  {
    "type": "Miscellaneous",
    "square": {
      "name": "Jail"
    }
  },
  {
    "type": "Traditional",
    "square": {
      "name": "St. Charles Place",
      "color": [
        255,
        20,
        147
      ],
      "purchase price": 140,
      "mortgage price": 70,
      "building cost": 100,
      "payment structure": {
        "0": 10,
        "1": 50,
        "2": 150,
        "3": 450,
        "4": 625,
        "5": 750
      }
    }
  },
  {
    "type": "Utility",
    "square": {
      "name": "Electric Company",
      "purchase price": 150,
      "mortgage price": 75,
      "payment structure": {
        "1": 4,
        "2": 10
      }
    }
  },
  {
    "type": "Traditional",
    "square": {
      "name": "States Avenue",
      "color": [
        255,
        20,
        147
      ],
      "purchase price": 140,
      "mortgage price": 70,
      "building cost": 100,
      "payment structure": {
        "0": 10,
        "1": 50,
        "2": 150,
        "3": 450,
        "4": 625,
        "5": 750
      }
    }
  },
  {
    "type": "Traditional",
    "square": {
      "name": "Virginia Avenue",
      "color": [
        255,
        20,
        147
      ],
      "purchase price": 160,
      "mortgage price": 80,
      "building cost": 100,
      "payment structure": {
        "0": 12,
        "1": 60,
        "2": 180,
        "3": 500,
        "4": 700,
        "5": 900
      }
    }
  },
  {
    "type": "Railroad",
    "square": {
      "name": "Pennsylvania Railroad",
      "purchase price": 200,
      "mortgage price": 100,
      "payment structure": {
        "1": 25,
        "2": 50,
        "3": 100,
        "4": 200
      }
    }
  },
  {
    "type": "Traditional",
    "square": {
      "name": "St. James Place",
      "color": [
        255,
        79,
        0
      ],
      "purchase price": 180,
      "mortgage price": 90,
      "building cost": 100,
      "payment structure": {
        "0": 14,
        "1": 70,
        "2": 200,
        "3": 550,
        "4": 750,
        "5": 950
      }
    }
  },
  {
    "type": "Card",
    "square": {
      "name": "Community Chest",
      "order": 2
    }
  },
  {
    "type": "Traditional",
    "square": {
      "name": "Tennessee Avenue",
      "color": [
        255,
        79,
        0
      ],
      "purchase price": 180,
      "mortgage price": 90,
      "building cost": 100,
      "payment structure": {
        "0": 14,
        "1": 70,
        "2": 200,
        "3": 550,
        "4": 750,
        "5": 950
      }
    }
  },
  {
    "type": "Traditional",
    "square": {
      "name": "New York Avenue",
      "color": [
        255,
        79,
        0
      ],
      "purchase price": 200,
      "mortgage price": 100,
      "building cost": 100,
      "payment structure": {
        "0": 16,
        "1": 80,
        "2": 220,
        "3": 600,
        "4": 800,
        "5": 1000
      }
    }
  },
  {
    "type": "Miscellaneous",
    "square": {
      "name": "Free Parking"
    }
  },
  {
    "type": "Traditional",
    "square": {
      "name": "Kentucky Avenue",
      "color": [
        179,
        27,
        27
      ],
      "purchase price": 220,
      "mortgage price": 110,
      "building cost": 150,
      "payment structure": {
        "0": 18,
        "1": 90,
        "2": 250,
        "3": 700,
        "4": 875,
        "5": 1050
      }
    }
  },
  {
    "type": "Card",
    "square": {
      "name": "Chance",
      "order": 2
    }
  },
  {
    "type": "Traditional",
    "square": {
      "name": "Indiana Avenue",
      "color": [
        179,
        27,
        27
      ],
      "purchase price": 220,
      "mortgage price": 110,
      "building cost": 150,
      "payment structure": {
        "0": 18,
        "1": 90,
        "2": 250,
        "3": 700,
        "4": 875,
        "5": 1050
      }
    }
  },
  {
    "type": "Traditional",
    "square": {
      "name": "Illinois Avenue",
      "color": [
        179,
        27,
        27
      ],
      "purchase price": 240,
      "mortgage price": 120,
      "building cost": 150,
      "payment structure": {
        "0": 20,
        "1": 100,
        "2": 300,
        "3": 750,
        "4": 925,
        "5": 1100
      }
    }
  },
  {
    "type": "Railroad",
    "square": {
      "name": "B.&O. Railroad",
      "purchase price": 200,
      "mortgage price": 100,
      "payment structure": {
        "1": 25,
        "2": 50,
        "3": 100,
        "4": 200
      }
    }
  },
  {
    "type": "Traditional",
    "square": {
      "name": "Atlantic Avenue",
      "color": [
        255,
        239,
        0
      ],
      "purchase price": 260,
      "mortgage price": 130,
      "building cost": 150,
      "payment structure": {
        "0": 22,
        "1": 110,
        "2": 330,
        "3": 800,
        "4": 975,
        "5": 1150
      }
    }
  },
  {
    "type": "Traditional",
    "square": {
      "name": "Ventnor Avenue",
      "color": [
        255,
        239,
        0
      ],
      "purchase price": 260,
      "mortgage price": 130,
      "building cost": 150,
      "payment structure": {
        "0": 22,
        "1": 110,
        "2": 330,
        "3": 800,
        "4": 975,
        "5": 1150
      }
    }
  },
  {
    "type": "Utility",
    "square": {
      "name": "Water Works",
      "purchase price": 150,
      "mortgage price": 75,
      "payment structure": {
        "1": 4,
        "2": 10
      }
    }
  },
  {
    "type": "Traditional",
    "square": {
      "name": "Marvin Gardens",
      "color": [
        255,
        239,
        0
      ],
      "purchase price": 280,
      "mortgage price": 140,
      "building cost": 150,
      "payment structure": {
        "0": 24,
        "1": 120,
        "2": 360,
        "3": 850,
        "4": 1025,
        "5": 1200
      }
    }
  },
  {
    "type": "Miscellaneous",
    "square": {
      "name": "Go To Jail"
    }
  },
  {
    "type": "Traditional",
    "square": {
      "name": "Pacific Avenue",
      "color": [
        0,
        106,
        78
      ],
      "purchase price": 300,
      "mortgage price": 150,
      "building cost": 200,
      "payment structure": {
        "0": 26,
        "1": 130,
        "2": 390,
        "3": 900,
        "4": 1100,
        "5": 1275
      }
    }
  },
  {
    "type": "Traditional",
    "square": {
      "name": "North Carolina Avenue",
      "color": [
        0,
        106,
        78
      ],
      "purchase price": 300,
      "mortgage price": 150,
      "building cost": 200,
      "payment structure": {
        "0": 26,
        "1": 130,
        "2": 390,
        "3": 900,
        "4": 1100,
        "5": 1275
      }
    }
  },
  {
    "type": "Card",
    "square": {
      "name": "Community Chest",
      "order": 3
    }
  },
  {
    "type": "Traditional",
    "square": {
      "name": "Pennsylvania Avenue",
      "color": [
        0,
        106,
        78
      ],
      "purchase price": 320,
      "mortgage price": 160,
      "building cost": 200,
      "payment structure": {
        "0": 28,
        "1": 150,
        "2": 450,
        "3": 1000,
        "4": 1200,
        "5": 1400
      }
    }
  },
  {
    "type": "Railroad",
    "square": {
      "name": "Short Line",
      "purchase price": 200,
      "mortgage price": 100,
      "payment structure": {
        "1": 25,
        "2": 50,
        "3": 100,
        "4": 200
      }
    }
  },
  {
    "type": "Card",
    "square": {
      "name": "Chance",
      "order": 3
    }
  },
  {
    "type": "Traditional",
    "square": {
      "name": "Park Place",
      "color": [
        0,
        0,
        139
      ],
      "purchase price": 350,
      "mortgage price": 175,
      "building cost": 200,
      "payment structure": {
        "0": 35,
        "1": 175,
        "2": 500,
        "3": 1100,
        "4": 1300,
        "5": 1500
      }
    }
  },
  {
    "type": "Miscellaneous",
    "square": {
      "name": "Luxury Tax"
    }
  },
  {
    "type": "Traditional",
    "square": {
      "name": "Boardwalk",
      "color": [
        0,
        0,
        139
      ],
      "purchase price": 400,
      "mortgage price": 200,
      "building cost": 200,
      "payment structure": {
        "0": 50,
        "1": 200,
        "2": 600,
        "3": 1400,
        "4": 1700,
        "5": 2000
      }
    }
  }
]
